JRNL,YEAR,EST,NPAPR,NPWP,JIF,OA,SUBJ,PAP
Acta Oncologica,2011,0.1209628498,281,32,3.33,0,ONC,0.1138790036
Acta Oncologica,2012,0.3542874933,281,61,2.867,0,ONC,0.2170818505
Acta Oncologica,2013,0.1444180096,350,93,3.71,0,ONC,0.2657142857
Acta Oncologica,2014,0.1568568732,300,79,2.997,0,ONC,0.2633333333
Acta Oncologica,2015,0.0082973315,352,87,3.73,0,ONC,0.2471590909
Am J Med,2011,0.1535545304,326,60,5.43,0,GEN,0.1840490798
Am J Med,2012,0.1145335785,378,68,4.768,0,GEN,0.1798941799
Am J Med,2013,0.1361093891,538,89,5.302,0,GEN,0.1654275093
Am J Med,2014,0.1075010246,593,87,5.003,0,GEN,0.1467116358
Am J Med,2015,0.0389744582,612,78,5.61,0,GEN,0.1274509804
Am J Med Sci,2011,0.0872548996,240,39,1.391,0,GEN,0.1625
Am J Med Sci,2012,0.2590428185,234,41,1.334,0,GEN,0.1752136752
Am J Med Sci,2013,0.197597876,234,41,1.515,0,GEN,0.1752136752
Am J Med Sci,2014,0.318139135,206,51,1.389,0,GEN,0.2475728155
Am J Med Sci,2015,0.3201269329,247,60,1.575,0,GEN,0.2429149798
Am J Prev Med,2011,0.0910137531,314,46,4.044,0,GEN,0.1464968153
Am J Prev Med,2012,0.2121031633,311,49,3.945,0,GEN,0.1575562701
Am J Prev Med,2013,0.1874022972,310,49,4.281,0,GEN,0.1580645161
Am J Prev Med,2014,0.0236031124,323,62,4.527,0,GEN,0.1919504644
Am J Prev Med,2015,0.0375713253,428,90,4.465,0,GEN,0.2102803738
Ann Intern Med,2011,0.122483758,596,35,16.733,0,GEN,0.0587248322
Ann Intern Med,2012,0.1501436003,593,29,13.976,0,GEN,0.0489038786
Ann Intern Med,2013,0.0816839036,658,37,16.104,0,GEN,0.056231003
Ann Intern Med,2014,0.3393894178,669,19,17.81,0,GEN,0.0284005979
Ann Intern Med,2015,0.0271277997,772,10,16.593,0,GEN,0.0129533679
Ann Med,2011,0.2831833701,135,25,3.516,0,GEN,0.1851851852
Ann Med,2012,0.2816275391,128,24,5.094,0,GEN,0.1875
Ann Med,2013,0.1634728509,72,18,4.733,0,GEN,0.25
Ann Med,2014,0.1283412834,91,15,3.886,0,GEN,0.1648351648
Ann Med,2015,0.1189673687,88,33,3.763,0,GEN,0.375
Ann Oncol,2011,0.2092301807,730,219,6.425,0,ONC,0.3
Ann Oncol,2012,0.158414923,764,247,7.384,0,ONC,0.3232984293
Ann Oncol,2013,0.1976369382,641,216,6.578,0,ONC,0.3369734789
Ann Oncol,2014,0.253864968,541,203,7.04,0,ONC,0.3752310536
Ann Oncol,2015,0.2292813981,547,175,9.269,0,ONC,0.3199268739
Ann Surg Oncol,2011,0.2202618125,906,332,4.166,0,ONC,0.3664459161
Ann Surg Oncol,2012,0.2587620133,898,410,4.12,0,ONC,0.4565701559
Ann Surg Oncol,2013,0.2711402329,871,354,3.943,0,ONC,0.4064293915
Ann Surg Oncol,2014,0.2205566371,1038,379,3.93,0,ONC,0.3651252408
Ann Surg Oncol,2015,0.1579140974,1069,453,3.655,0,ONC,0.4237605239
BMC Cancer,2011,0.2188264714,526,149,3.011,1,ONC,0.283269962
BMC Cancer,2012,0.2743762375,627,191,3.333,1,ONC,0.3046251994
BMC Cancer,2013,0.3480101539,618,176,3.319,1,ONC,0.284789644
BMC Cancer,2014,0.2888037894,992,306,3.362,1,ONC,0.3084677419
BMC Cancer,2015,0.4119912012,1028,315,3.265,1,ONC,0.3064202335
BMC Fam Pract,2011,0.1893993042,144,31,1.799,1,GEN,0.2152777778
BMC Fam Pract,2012,0.2410026498,129,11,1.609,1,GEN,0.0852713178
BMC Fam Pract,2013,0.2455077677,201,26,1.735,1,GEN,0.1293532338
BMC Fam Pract,2014,0.3089424922,211,29,1.669,1,GEN,0.1374407583
BMC Fam Pract,2015,0.1360085062,182,25,1.641,1,GEN,0.1373626374
BMC Med,2011,0.3784254622,139,25,6.035,1,GEN,0.1798561151
BMC Med,2012,0.2225215957,172,17,6.679,1,GEN,0.0988372093
BMC Med,2013,0.0001722058,261,40,7.276,1,GEN,0.153256705
BMC Med,2014,0.1911599927,229,43,7.356,1,GEN,0.1877729258
BMC Med,2015,0.2894679066,305,55,8.005,1,GEN,0.1803278689
BMJ,2011,0.1223345692,2608,78,14.093,0,GEN,0.0299079755
BMJ,2012,0.261657737,3227,86,17.215,0,GEN,0.0266501394
BMJ,2013,0.2625257374,3380,71,16.378,0,GEN,0.0210059172
BMJ,2014,0.0537213594,3211,56,17.445,0,GEN,0.0174400498
BMJ,2015,0.0595511565,3334,53,19.697,0,GEN,0.0158968206
Bone Marrow Transplant,2011,0.4251645678,506,113,3.746,0,ONC,0.2233201581
Bone Marrow Transplant,2012,0.1590074414,474,122,3.541,0,ONC,0.2573839662
Bone Marrow Transplant,2013,0.2126292368,392,125,3.466,0,ONC,0.318877551
Bone Marrow Transplant,2014,0.2462784211,382,122,3.57,0,ONC,0.3193717277
Bone Marrow Transplant,2015,0.1819040042,441,119,3.636,0,ONC,0.2698412698
Br J Cancer,2011,0.1530377557,634,183,5.042,0,ONC,0.2886435331
Br J Cancer,2012,0.1706855404,627,209,5.082,0,ONC,0.3333333333
Br J Cancer,2013,0.2128958579,879,275,4.817,0,ONC,0.3128555176
Br J Cancer,2014,0.2327474889,756,218,4.836,0,ONC,0.2883597884
Br J Cancer,2015,0.1851586752,553,157,5.569,0,ONC,0.2839059675
Breast Cancer Res,2011,0.1836389757,198,35,5.245,1,ONC,0.1767676768
Breast Cancer Res,2012,0.4029548873,217,51,5.872,1,ONC,0.2350230415
Breast Cancer Res,2013,0.2602786608,167,30,5.881,1,ONC,0.1796407186
Breast Cancer Res,2014,0.2906966173,204,38,5.49,1,ONC,0.1862745098
Breast Cancer Res,2015,0.1733722704,151,39,5.211,1,ONC,0.2582781457
Breast Cancer Res Treat,2011,0.3599232392,922,251,4.431,0,ONC,0.2722342733
Breast Cancer Res Treat,2012,0.2367930524,744,229,4.469,0,ONC,0.3077956989
Breast Cancer Res Treat,2013,0.0757426818,503,117,4.198,0,ONC,0.2326043738
Breast Cancer Res Treat,2014,0.1893628349,460,109,3.94,0,ONC,0.2369565217
Breast Cancer Res Treat,2015,0.1588259044,456,122,4.085,0,ONC,0.2675438596
Cancer Cytopathol,2011,0.2994962946,74,11,3.333,0,ONC,0.1486486486
Cancer Cytopathol,2012,0.1255694639,94,13,4.434,0,ONC,0.1382978723
Cancer Cytopathol,2013,0.1923436097,151,32,3.807,0,ONC,0.2119205298
Cancer Cytopathol,2014,0.0929315637,160,35,3.737,0,ONC,0.21875
Cancer Cytopathol,2015,0.0049164345,149,26,3.183,0,ONC,0.1744966443
Cancer Epidemiol Biomarkers Prev,2011,0.1780063115,362,104,4.123,0,ONC,0.2872928177
Cancer Epidemiol Biomarkers Prev,2012,0.2081997665,317,106,4.559,0,ONC,0.334384858
Cancer Epidemiol Biomarkers Prev,2013,0.2733204494,325,108,4.324,0,ONC,0.3323076923
Cancer Epidemiol Biomarkers Prev,2014,0.4058583658,415,109,4.125,0,ONC,0.2626506024
Cancer Epidemiol Biomarkers Prev,2015,0.3700208996,314,78,3.622,0,ONC,0.2484076433
Cancer Immunol Immunother,2011,0.3656975336,266,11,3.701,0,ONC,0.0413533835
Cancer Immunol Immunother,2012,0.2709471827,293,24,3.637,0,ONC,0.0819112628
Cancer Immunol Immunother,2013,0.3179838421,194,22,3.943,0,ONC,0.1134020619
Cancer Immunol Immunother,2014,0.0419754675,160,20,3.941,0,ONC,0.125
Cancer Immunol Immunother,2015,0.4773159583,170,25,4.846,0,ONC,0.1470588235
Cancer Lett,2011,0.0450552383,496,31,4.238,0,ONC,0.0625
Cancer Lett,2012,0.2505958412,560,17,4.258,0,ONC,0.0303571429
Cancer Lett,2013,0.0753089408,682,21,5.016,0,ONC,0.0307917889
Cancer Lett,2014,0.3895942854,615,26,5.621,0,ONC,0.0422764228
Cancer Lett,2015,0.3295446578,659,32,5.992,0,ONC,0.0485584219
Cancer Res,2011,0.2753879629,858,39,7.856,0,ONC,0.0454545455
Cancer Res,2012,0.2282521295,772,35,8.65,0,ONC,0.0453367876
Cancer Res,2013,0.1509765657,795,22,9.284,0,ONC,0.027672956
Cancer Res,2014,0.2167130554,751,24,9.329,0,ONC,0.0319573901
Cancer Res,2015,0.1675767999,624,17,8.556,0,ONC,0.0272435897
Carcinogenesis,2011,0.2243118358,319,57,5.702,0,ONC,0.1786833856
Carcinogenesis,2012,0.1570280259,409,72,5.635,0,ONC,0.1760391198
Carcinogenesis,2013,0.2467630646,445,79,5.266,0,ONC,0.1775280899
Carcinogenesis,2014,0.4623481834,351,63,5.334,0,ONC,0.1794871795
Carcinogenesis,2015,0.2742725716,209,48,4.874,0,ONC,0.2296650718
Chemotherapy,2011,0.1131155471,67,15,1.816,0,ONC,0.223880597
Chemotherapy,2012,0.4255897466,67,16,2.066,0,ONC,0.2388059701
Chemotherapy,2013,0.4766761908,66,15,1.554,0,ONC,0.2272727273
Chemotherapy,2014,0.2821234723,58,16,1.288,0,ONC,0.275862069
Chemotherapy,2015,0.1526706865,19,6,0.992,0,ONC,0.3157894737
Clin Breast Cancer,2011,0.1743881054,82,25,2.375,0,ONC,0.3048780488
Clin Breast Cancer,2012,0.3835789121,97,28,2.422,0,ONC,0.2886597938
Clin Breast Cancer,2013,0.177889097,124,31,2.628,0,ONC,0.25
Clin Breast Cancer,2014,0.3133055353,144,34,2.107,0,ONC,0.2361111111
Clin Breast Cancer,2015,0.3353615964,152,34,3.082,0,ONC,0.2236842105
Clin Cancer Res,2011,0.2132789023,899,216,7.742,0,ONC,0.2402669633
Clin Cancer Res,2012,0.1601317894,805,193,7.837,0,ONC,0.2397515528
Clin Cancer Res,2013,0.2061790132,845,186,8.193,0,ONC,0.2201183432
Clin Cancer Res,2014,0.2015562096,836,196,8.722,0,ONC,0.2344497608
Clin Cancer Res,2015,0.2191342229,928,199,8.738,0,ONC,0.2144396552
Clin Exp Med,2011,0.2495424906,70,9,2,0,GEN,0.1285714286
Clin Exp Med,2012,0.1365306697,88,18,2.397,0,GEN,0.2045454545
Clin Exp Med,2013,0.0842511459,77,19,2.824,0,GEN,0.2467532468
Clin Exp Med,2014,0.1138078801,116,28,2.959,0,GEN,0.2413793103
Clin Exp Med,2015,0.000000092,133,12,2.854,0,GEN,0.0902255639
Clin Lung Cancer,2011,0.3346173305,97,29,2.944,0,ONC,0.2989690722
Clin Lung Cancer,2012,0.3741004809,108,38,2.038,0,ONC,0.3518518519
Clin Lung Cancer,2013,0.4518993424,134,63,3.22,0,ONC,0.4701492537
Clin Lung Cancer,2014,0.4590687025,118,33,3.104,0,ONC,0.2796610169
Clin Lung Cancer,2015,0.4104793082,147,23,3.03,0,ONC,0.156462585
Clin Sci,2011,0.0545785722,96,37,4.317,0,GEN,0.3854166667
Clin Sci,2012,0.111771217,112,34,4.859,0,GEN,0.3035714286
Clin Sci,2013,0.0698285145,120,33,5.629,0,GEN,0.275
Clin Sci,2014,0.1027925771,137,35,5.598,0,GEN,0.2554744526
Clin Sci,2015,0.0071272256,191,41,5.016,0,GEN,0.2146596859
Curr Med Res Opin,2011,0.0642770132,287,118,2.38,0,GEN,0.4111498258
Curr Med Res Opin,2012,0.2272611407,224,92,2.263,0,GEN,0.4107142857
Curr Med Res Opin,2013,0.1874856279,275,104,2.372,0,GEN,0.3781818182
Curr Med Res Opin,2014,0.1858660818,324,120,2.653,0,GEN,0.3703703704
Curr Med Res Opin,2015,0.2028079392,306,102,2.643,0,GEN,0.3333333333
Dis Markers,2011,0.3623032632,82,39,1.652,1,GEN,0.4756097561
Dis Markers,2012,0.4150442582,83,40,2.14,1,GEN,0.4819277108
Dis Markers,2013,0.2561179549,173,74,2.174,1,GEN,0.4277456647
Dis Markers,2014,0.3993027469,146,62,1.562,1,GEN,0.4246575342
Dis Markers,2015,0.2920961307,240,88,2.137,1,GEN,0.3666666667
Endocr Relat Cancer,2011,0.4285725451,92,16,4.364,0,ONC,0.1739130435
Endocr Relat Cancer,2012,0.4664368221,112,16,5.261,0,ONC,0.1428571429
Endocr Relat Cancer,2013,0.1875885491,120,20,4.907,0,ONC,0.1666666667
Endocr Relat Cancer,2014,0.3291771235,159,29,4.805,0,ONC,0.1823899371
Endocr Relat Cancer,2015,0.1201954031,153,30,4.472,0,ONC,0.1960784314
Eur J Cancer,2011,0.2788233822,547,151,5.536,0,ONC,0.2760511883
Eur J Cancer,2012,0.2071293519,518,163,5.061,0,ONC,0.3146718147
Eur J Cancer,2013,0.2250519608,558,169,4.819,0,ONC,0.3028673835
Eur J Cancer,2014,0.1989704898,410,149,5.417,0,ONC,0.3634146341
Eur J Cancer,2015,0.2574604919,367,128,6.163,0,ONC,0.348773842
Eur J Clin Invest,2011,0.155128372,249,128,3.018,0,GEN,0.5140562249
Eur J Clin Invest,2012,0.1580357008,196,76,3.365,0,GEN,0.387755102
Eur J Clin Invest,2013,0.0530204773,179,42,2.834,0,GEN,0.2346368715
Eur J Clin Invest,2014,0.2227464933,139,41,2.734,0,GEN,0.2949640288
Eur J Clin Invest,2015,0.0715218298,179,50,2.687,0,GEN,0.2793296089
Eur J Gynaecol Oncol,2011,0.2962303069,176,22,0.474,0,ONC,0.125
Eur J Gynaecol Oncol,2012,0.4275567957,155,31,0.577,0,ONC,0.2
Eur J Gynaecol Oncol,2013,0.4900459101,131,24,0.602,0,ONC,0.1832061069
Eur J Gynaecol Oncol,2014,0.221872688,176,41,0.611,0,ONC,0.2329545455
Eur J Gynaecol Oncol,2015,0.2241355955,153,49,0.58,0,ONC,0.3202614379
Eur J Intern Med,2011,0.2259480864,249,78,2,0,GEN,0.313253012
Eur J Intern Med,2012,0.3003426218,265,86,2.049,0,GEN,0.3245283019
Eur J Intern Med,2013,0.2607738466,263,68,2.3,0,GEN,0.2585551331
Eur J Intern Med,2014,0.1073439768,259,64,2.891,0,GEN,0.2471042471
Eur J Intern Med,2015,0.2339250078,264,64,2.591,0,GEN,0.2424242424
Exp Ther Med,2011,0.3872584684,284,110,0.206,0,GEN,0.3873239437
Exp Ther Med,2012,0.2405343735,530,211,0.344,0,GEN,0.3981132075
Exp Ther Med,2013,0.2039412396,734,283,0.941,0,GEN,0.3855585831
Exp Ther Med,2014,0.2787477426,788,275,1.269,0,GEN,0.3489847716
Exp Ther Med,2015,0.1396046611,930,312,1.28,0,GEN,0.335483871
Gastric Cancer,2011,0.2011902866,112,22,2.421,0,ONC,0.1964285714
Gastric Cancer,2012,0.320448903,151,31,3.989,0,ONC,0.2052980132
Gastric Cancer,2013,0.3324894389,168,54,4.828,0,ONC,0.3214285714
Gastric Cancer,2014,0.2904041603,209,69,3.719,0,ONC,0.3301435407
Gastric Cancer,2015,0.313194523,228,61,4.404,0,ONC,0.2675438596
Genes Chromosomes Cancer,2011,0.2758626237,137,28,3.306,0,ONC,0.204379562
Genes Chromosomes Cancer,2012,0.0652702253,148,33,3.546,0,ONC,0.222972973
Genes Chromosomes Cancer,2013,0.5587106743,137,24,3.836,0,ONC,0.1751824818
Genes Chromosomes Cancer,2014,0.2906441663,122,32,4.041,0,ONC,0.262295082
Genes Chromosomes Cancer,2015,0.0107401393,110,19,3.96,0,ONC,0.1727272727
Int J Biol Markers,2011,0.2762646349,40,17,1.479,0,ONC,0.425
Int J Biol Markers,2012,0.4492908904,54,23,1.592,0,ONC,0.4259259259
Int J Biol Markers,2013,0.5234489567,60,27,1.36,0,ONC,0.45
Int J Biol Markers,2014,0.298560238,56,26,1.371,0,ONC,0.4642857143
Int J Biol Markers,2015,0.2253167483,63,24,1.217,0,ONC,0.380952381
Int J Med Sci,2011,0.4330277978,117,28,2.244,0,GEN,0.2393162393
Int J Med Sci,2012,0.4123375943,147,45,2.065,0,GEN,0.306122449
Int J Med Sci,2013,0.2118892745,251,98,1.552,0,GEN,0.390438247
Int J Med Sci,2014,0.2970656152,165,56,2.003,0,GEN,0.3393939394
Int J Med Sci,2015,0.2869271318,125,35,2.232,0,GEN,0.28
Integr Cancer Ther,2011,0.0547721569,69,15,2.136,1,ONC,0.2173913043
Integr Cancer Ther,2012,0.0028393692,74,18,2.354,1,ONC,0.2432432432
Integr Cancer Ther,2013,0.2549016557,80,21,2.014,1,ONC,0.2625
Integr Cancer Ther,2014,0.0385259942,70,16,2.361,1,ONC,0.2285714286
Integr Cancer Ther,2015,0.3179383596,83,27,1.706,1,ONC,0.3253012048
Intern Med,2011,0.3441631957,624,78,0.936,0,GEN,0.125
Intern Med,2012,0.2123071519,891,94,0.973,0,GEN,0.1054994388
Intern Med,2013,0.1382237598,617,54,0.967,0,GEN,0.0875202593
Intern Med,2014,0.4359500837,591,47,0.904,0,GEN,0.0795262267
Intern Med,2015,0.1456293442,668,72,0.832,0,GEN,0.1077844311
Intern Med J,2011,0.2799659206,196,22,1.541,0,GEN,0.112244898
Intern Med J,2012,0.1030582837,346,61,1.823,0,GEN,0.176300578
Intern Med J,2013,0.2139513361,306,54,1.699,0,GEN,0.1764705882
Intern Med J,2014,0.1698047467,277,47,1.644,0,GEN,0.1696750903
Intern Med J,2015,0.0858296595,291,52,1.526,0,GEN,0.1786941581
J Biomed Sci,2011,0.3678477382,96,10,1.98,1,GEN,0.1041666667
J Biomed Sci,2012,0.1350258019,102,12,2.458,1,GEN,0.1176470588
J Biomed Sci,2013,0.1221847631,98,13,2.736,1,GEN,0.1326530612
J Biomed Sci,2014,0.3079282058,102,16,2.763,1,GEN,0.1568627451
J Biomed Sci,2015,0.223552896,106,10,2.935,1,GEN,0.0943396226
J Cancer Res Clin Oncol,2011,0.0727158073,270,55,2.558,0,ONC,0.2037037037
J Cancer Res Clin Oncol,2012,0.311404891,301,103,2.914,0,ONC,0.342192691
J Cancer Res Clin Oncol,2013,0.321229055,265,106,3.009,0,ONC,0.4
J Cancer Res Clin Oncol,2014,0.2303012966,358,136,3.081,0,ONC,0.3798882682
J Cancer Res Clin Oncol,2015,0.1736212646,324,122,3.141,0,ONC,0.3765432099
J Cancer Res Ther,2011,0.4250108113,127,16,0.656,1,ONC,0.125984252
J Cancer Res Ther,2012,0.3928700371,159,18,0.761,1,ONC,0.1132075472
J Cancer Res Ther,2013,0.4055262244,208,27,0.949,1,ONC,0.1298076923
J Cancer Res Ther,2014,0.2342489304,294,75,0.791,1,ONC,0.2551020408
J Cancer Res Ther,2015,0.4145203595,506,88,0.777,1,ONC,0.1739130435
J Chemother,2011,0.1078873946,83,10,1.084,0,ONC,0.1204819277
J Chemother,2012,0.2893457497,67,9,0.825,0,ONC,0.1343283582
J Chemother,2013,0.6573673769,112,16,1.073,0,ONC,0.1428571429
J Chemother,2014,0.5501566107,127,15,1.604,0,ONC,0.1181102362
J Chemother,2015,0.3571240833,71,12,1.333,0,ONC,0.1690140845
J Clin Oncol,2011,0.2390673144,1206,321,18.372,0,ONC,0.2661691542
J Clin Oncol,2012,0.1408518349,1083,295,18.038,0,ONC,0.2723915051
J Clin Oncol,2013,0.1451070514,1081,258,17.96,0,ONC,0.2386679001
J Clin Oncol,2014,0.1202659343,1012,216,18.443,0,ONC,0.2134387352
J Clin Oncol,2015,0.1146913388,1019,253,20.982,0,ONC,0.24828263
J Exp Clin Cancer Res,2011,0.2882470473,115,37,2.148,1,ONC,0.3217391304
J Exp Clin Cancer Res,2012,0.1913869222,103,33,3.066,1,ONC,0.3203883495
J Exp Clin Cancer Res,2013,0.3029535502,104,29,3.271,1,ONC,0.2788461538
J Exp Clin Cancer Res,2014,0.2736671522,111,23,4.429,1,ONC,0.2072072072
J Exp Clin Cancer Res,2015,0.1825424469,159,37,4.357,1,ONC,0.2327044025
J Gen Intern Med,2011,0.220355427,395,99,2.83,0,GEN,0.2506329114
J Gen Intern Med,2012,0.1447878641,405,94,3.278,0,GEN,0.2320987654
J Gen Intern Med,2013,0.0771785144,448,81,3.423,0,GEN,0.1808035714
J Gen Intern Med,2014,0.1504237944,514,85,3.449,0,GEN,0.1653696498
J Gen Intern Med,2015,0.1660002663,477,90,3.494,0,GEN,0.1886792453
J Hematol Oncol,2011,0.0852595151,54,11,3.99,1,ONC,0.2037037037
J Hematol Oncol,2012,0.579477593,76,13,4.458,1,ONC,0.1710526316
J Hematol Oncol,2013,0.2055832813,93,16,4.933,1,ONC,0.1720430108
J Hematol Oncol,2014,0.4452700582,95,13,4.812,1,ONC,0.1368421053
J Hematol Oncol,2015,0.3574981044,131,21,6.263,1,ONC,0.1603053435
J Intern Med,2011,0.2233843735,193,45,5.483,0,GEN,0.2331606218
J Intern Med,2012,0.2099696784,157,26,6.455,0,GEN,0.1656050955
J Intern Med,2013,0.2238695447,163,23,5.785,0,GEN,0.1411042945
J Intern Med,2014,0.1236721466,178,26,6.063,0,GEN,0.1460674157
J Intern Med,2015,0.2868516403,161,22,7.803,0,GEN,0.1366459627
J Investig Med,2011,0.435224663,90,41,1.964,0,GEN,0.4555555556
J Investig Med,2012,0.0576667381,82,39,1.746,0,GEN,0.4756097561
J Investig Med,2013,0.2155216537,80,45,1.503,0,GEN,0.5625
J Investig Med,2014,0.1890793691,64,25,1.688,0,GEN,0.390625
J Investig Med,2015,0.1013393568,62,33,2.085,0,GEN,0.5322580645
J Natl Cancer Inst,2011,0.1557331735,351,71,13.757,0,ONC,0.2022792023
J Natl Cancer Inst,2012,0.1808906609,340,72,14.336,0,ONC,0.2117647059
J Natl Cancer Inst,2013,0.2090331927,352,99,15.161,0,ONC,0.28125
J Natl Cancer Inst,2014,0.1344189728,413,111,12.583,0,ONC,0.2687651332
J Natl Cancer Inst,2015,0.1741762433,433,131,11.37,0,ONC,0.3025404157
J Neurooncol,2011,0.4257461494,523,116,3.214,0,ONC,0.2217973231
J Neurooncol,2012,0.5171774739,376,96,3.115,0,ONC,0.2553191489
J Neurooncol,2013,0.3816356992,326,101,2.787,0,ONC,0.3098159509
J Neurooncol,2014,0.293615048,420,126,3.07,0,ONC,0.3
J Neurooncol,2015,0.208322135,404,98,2.754,0,ONC,0.2425742574
J Pathol,2011,0.1663568488,239,30,6.318,0,ONC,0.1255230126
J Pathol,2012,0.2225524066,199,25,7.585,0,ONC,0.1256281407
J Pathol,2013,0.1704126828,174,16,7.33,0,ONC,0.091954023
J Pathol,2014,0.3056480406,176,15,7.429,0,ONC,0.0852272727
J Pathol,2015,0.1524353941,208,11,7.381,0,ONC,0.0528846154
J Postgrad Med,2011,0.2039378125,98,14,1.263,1,GEN,0.1428571429
J Postgrad Med,2012,0.5866038528,89,11,1.078,1,GEN,0.1235955056
J Postgrad Med,2013,0.0815722133,113,9,0.972,1,GEN,0.0796460177
J Postgrad Med,2014,0.3126954843,153,11,0.855,1,GEN,0.0718954248
J Postgrad Med,2015,0.2467433725,87,6,0.87,1,GEN,0.0689655172
J Surg Oncol,2011,0.2714063767,432,180,2.1,0,ONC,0.4166666667
J Surg Oncol,2012,0.3138535361,432,195,2.644,0,ONC,0.4513888889
J Surg Oncol,2013,0.3088728252,347,153,2.843,0,ONC,0.4409221902
J Surg Oncol,2014,0.3667461761,406,163,3.244,0,ONC,0.4014778325
J Surg Oncol,2015,0.279328472,359,158,3.151,0,ONC,0.4401114206
J Thorac Oncol,2011,0.1825258936,385,112,3.661,0,ONC,0.2909090909
J Thorac Oncol,2012,0.2898219747,338,99,4.473,0,ONC,0.2928994083
J Thorac Oncol,2013,0.1189359098,297,85,5.8,0,ONC,0.2861952862
J Thorac Oncol,2014,0.158900988,317,94,5.282,0,ONC,0.2965299685
J Thorac Oncol,2015,0.354535529,364,105,5.04,0,ONC,0.2884615385
J Transl Med,2011,0.1410341521,235,50,3.474,1,GEN,0.2127659574
J Transl Med,2012,0.1431833751,272,89,3.459,1,GEN,0.3272058824
J Transl Med,2013,0.1712970435,315,101,3.991,1,GEN,0.3206349206
J Transl Med,2014,0.2010998888,361,90,3.93,1,GEN,0.2493074792
J Transl Med,2015,0.1399714468,392,86,3.694,1,GEN,0.2193877551
JAMA,2011,0.1576290115,1011,112,30.026,0,GEN,0.1107814045
JAMA,2012,0.2816415797,1067,133,29.978,0,GEN,0.1246485473
JAMA,2013,0.1768529474,1286,123,30.387,0,GEN,0.0956454121
JAMA,2014,0.1379627237,1275,113,35.289,0,GEN,0.088627451
JAMA,2015,0.1371617916,1304,109,37.684,0,GEN,0.0835889571
Lancet,2011,0.2502329438,2292,226,38.278,0,GEN,0.0986038394
Lancet,2012,0.2087552927,2503,242,39.06,0,GEN,0.0966839792
Lancet,2013,0.2457591315,3224,315,39.207,0,GEN,0.0977047146
Lancet,2014,0.2041442611,3943,391,45.217,0,GEN,0.0991630738
Lancet,2015,0.2184474119,4942,554,44.002,0,GEN,0.1121003642
Lancet Oncol,2011,0.2390467423,307,58,22.589,0,ONC,0.1889250814
Lancet Oncol,2012,0.34161016,396,74,25.117,0,ONC,0.1868686869
Lancet Oncol,2013,0.1621592837,441,83,24.725,0,ONC,0.1882086168
Lancet Oncol,2014,0.085666601,535,92,24.69,0,ONC,0.1719626168
Lancet Oncol,2015,0.2332383701,694,98,26.509,0,ONC,0.1412103746
Leuk Lymphoma,2011,0.1871677874,583,98,2.58,0,ONC,0.1680960549
Leuk Lymphoma,2012,0.3744894864,727,135,2.301,0,ONC,0.1856946355
Leuk Lymphoma,2013,0.3144428127,808,151,2.605,0,ONC,0.1868811881
Leuk Lymphoma,2014,0.2429873774,845,168,2.891,0,ONC,0.198816568
Leuk Lymphoma,2015,0.2110269096,862,160,3.093,0,ONC,0.1856148492
Leukemia,2011,0.3387308839,463,56,9.561,0,ONC,0.120950324
Leukemia,2012,0.2582944092,569,76,10.164,0,ONC,0.1335676626
Leukemia,2013,0.2253466997,580,84,9.379,0,ONC,0.1448275862
Leukemia,2014,0.3625337225,532,69,10.431,0,ONC,0.1296992481
Leukemia,2015,0.3248807531,516,61,12.104,0,ONC,0.1182170543
Life Sci,2011,0.0219913316,343,34,2.527,0,GEN,0.0991253644
Life Sci,2012,0.2085419248,401,45,2.555,0,GEN,0.1122194514
Life Sci,2013,0.1353472109,376,48,2.296,0,GEN,0.1276595745
Life Sci,2014,0.2773900674,451,59,2.702,0,GEN,0.1308203991
Life Sci,2015,0.4468815152,449,35,2.685,0,GEN,0.0779510022
Lung Cancer,2011,0.386021465,394,149,3.434,0,ONC,0.3781725888
Lung Cancer,2012,0.2228651439,357,155,3.392,0,ONC,0.4341736695
Lung Cancer,2013,0.2098090187,348,128,3.737,0,ONC,0.367816092
Lung Cancer,2014,0.1941046796,310,131,3.958,0,ONC,0.4225806452
Lung Cancer,2015,0.1742205128,307,116,3.767,0,ONC,0.3778501629
Med Hypotheses,2011,0.0797570207,650,11,1.15,0,GEN,0.0169230769
Med Hypotheses,2012,0.1244041391,505,9,1.054,0,GEN,0.0178217822
Med Hypotheses,2013,0.4739591463,553,10,1.152,0,GEN,0.0180831826
Med Hypotheses,2014,0.1927663205,398,15,1.074,0,GEN,0.0376884422
Med Hypotheses,2015,0.3934073122,398,13,1.136,0,GEN,0.0326633166
Med J Aust,2011,0.1708764388,599,30,2.813,0,GEN,0.0500834725
Med J Aust,2012,0.0561653743,557,25,2.853,0,GEN,0.0448833034
Med J Aust,2013,0.1717043505,638,35,3.789,0,GEN,0.0548589342
Med J Aust,2014,0.1961599872,592,28,4.089,0,GEN,0.0472972973
Med J Aust,2015,0.0023564461,489,21,3.369,0,GEN,0.0429447853
Mol Cancer,2011,0.1809330382,152,8,3.993,1,ONC,0.0526315789
Mol Cancer,2012,0.6222023118,90,9,5.134,1,ONC,0.1
Mol Cancer,2013,0.3716877861,171,20,4.397,1,ONC,0.1169590643
Mol Cancer,2014,0.0019973412,261,29,4.257,1,ONC,0.1111111111
Mol Cancer,2015,0.2490566883,214,23,5.888,1,ONC,0.1074766355
Mol Carcinog,2011,0.1906608345,225,42,3.164,0,ONC,0.1866666667
Mol Carcinog,2012,0.359934045,225,55,4.269,0,ONC,0.2444444444
Mol Carcinog,2013,0.3550294301,234,52,4.77,0,ONC,0.2222222222
Mol Carcinog,2014,0.4148029178,245,58,4.808,0,ONC,0.2367346939
Mol Carcinog,2015,0.2717825803,354,56,4.722,0,ONC,0.1581920904
Mol Med,2011,0.0881726302,152,30,3.757,1,GEN,0.1973684211
Mol Med,2012,0.0505837517,143,16,4.469,1,GEN,0.1118881119
Mol Med,2013,0.0488488887,59,7,4.824,1,GEN,0.1186440678
Mol Med,2014,0.2295931884,63,7,4.508,1,GEN,0.1111111111
Mol Med,2015,0.2383672355,129,19,3.53,1,GEN,0.1472868217
NEJM,2011,0.2727203354,1417,149,53.298,0,GEN,0.105151729
NEJM,2012,0.1687477732,1330,164,51.658,0,GEN,0.1233082707
NEJM,2013,0.0855308205,1578,143,54.42,0,GEN,0.0906210393
NEJM,2014,0.2258332424,1564,133,55.873,0,GEN,0.0850383632
NEJM,2015,0.2375590889,1568,163,59.558,0,GEN,0.1039540816
Neoplasia,2011,0.4711066776,111,7,5.946,1,ONC,0.0630630631
Neoplasia,2012,0.1798487793,120,13,5.47,1,ONC,0.1083333333
Neoplasia,2013,0.1626991966,126,14,5.398,1,ONC,0.1111111111
Neoplasia,2014,0.3902774934,99,11,4.252,1,ONC,0.1111111111
Neoplasia,2015,0.2807090802,82,9,4.509,1,ONC,0.1097560976
Neuro Oncol,2011,0.0895410457,167,42,5.723,0,ONC,0.251497006
Neuro Oncol,2012,0.1636932021,202,43,6.18,0,ONC,0.2128712871
Neuro Oncol,2013,0.1822331013,249,85,5.286,0,ONC,0.3413654618
Neuro Oncol,2014,0.125943906,308,75,6.776,0,ONC,0.2435064935
Neuro Oncol,2015,0.2641462362,300,71,7.371,0,ONC,0.2366666667
Oncogene,2011,0.073088174,822,40,6.373,0,ONC,0.0486618005
Oncogene,2012,0.0577009426,1001,38,7.357,0,ONC,0.037962038
Oncogene,2013,0.1818429406,1137,38,8.559,0,ONC,0.0334212841
Oncogene,2014,0.1017304337,1035,38,8.459,0,ONC,0.0367149758
Oncogene,2015,0.1495019488,993,27,7.932,0,ONC,0.0271903323
Oncologist,2011,0.2861582632,246,35,3.812,0,ONC,0.1422764228
Oncologist,2012,0.1361394263,235,28,4.095,0,ONC,0.1191489362
Oncologist,2013,0.4103330937,239,28,4.54,0,ONC,0.1171548117
Oncologist,2014,0.2812978586,228,35,4.865,0,ONC,0.1535087719
Oncologist,2015,0.3433810993,278,52,4.789,0,ONC,0.1870503597
Oncology,2011,0.2260349875,762,117,2.267,0,ONC,0.1535433071
Oncology,2012,0.3516447917,794,126,2.165,0,ONC,0.1586901763
Oncology,2013,0.2476560677,854,133,2.613,0,ONC,0.1557377049
Oncology,2014,0.1710785668,926,149,2.422,0,ONC,0.1609071274
Oncology,2015,0.3224455336,1233,155,2.152,0,ONC,0.1257096513
Oncotarget,2011,0.0771643176,155,7,4.784,0,ONC,0.0451612903
Oncotarget,2012,0.5291321392,186,9,6.636,0,ONC,0.0483870968
Oncotarget,2013,0.5453823155,252,13,6.627,0,ONC,0.0515873016
Oncotarget,2014,0.2662658179,1020,108,6.359,0,ONC,0.1058823529
Oncotarget,2015,0.2719435813,3520,410,5.008,0,ONC,0.1164772727
Oral Oncol,2011,0.3593005669,288,87,2.857,0,ONC,0.3020833333
Oral Oncol,2012,0.2945335646,293,94,2.695,0,ONC,0.3208191126
Oral Oncol,2013,0.1685540542,238,66,3.029,0,ONC,0.2773109244
Oral Oncol,2014,0.2661021012,261,55,3.607,0,ONC,0.2107279693
Oral Oncol,2015,0.1701896566,230,74,4.286,0,ONC,0.3217391304
Orphanet J Rare Dis,2011,0.0001605243,88,6,5.074,1,GEN,0.0681818182
Orphanet J Rare Dis,2012,0.2849085819,109,12,4.315,1,GEN,0.1100917431
Orphanet J Rare Dis,2013,0.2833280223,194,16,3.958,1,GEN,0.0824742268
Orphanet J Rare Dis,2014,0.1006845229,214,29,3.358,1,GEN,0.1355140187
Orphanet J Rare Dis,2015,0.2378818221,164,29,3.29,1,GEN,0.1768292683
Patient Prefer Adherence,2011,0.2290113979,71,12,1.143,1,GEN,0.1690140845
Patient Prefer Adherence,2012,0.1521393674,95,24,1.333,1,GEN,0.2526315789
Patient Prefer Adherence,2013,0.1196575859,135,35,1.491,1,GEN,0.2592592593
Patient Prefer Adherence,2014,0.0347027614,177,48,1.676,1,GEN,0.2711864407
Patient Prefer Adherence,2015,0.195785712,200,71,1.718,1,GEN,0.355
Pediatr Hematol Oncol,2011,0.2748930728,110,24,0.891,0,GEN,0.2181818182
Pediatr Hematol Oncol,2012,0.1493006459,109,16,0.895,0,GEN,0.1467889908
Pediatr Hematol Oncol,2013,0.4130151224,134,33,0.963,0,GEN,0.2462686567
Pediatr Hematol Oncol,2014,0.0524115056,130,31,1.096,0,GEN,0.2384615385
Pediatr Hematol Oncol,2015,0.4162484551,76,26,1.09,0,GEN,0.3421052632
PloS Med,2011,0.0573564783,201,25,16.269,1,GEN,0.1243781095
PloS Med,2012,0.1928297551,206,32,15.253,1,GEN,0.1553398058
PloS Med,2013,0.1304724052,218,25,14,1,GEN,0.1146788991
PloS Med,2014,0.1954903876,189,45,14.429,1,GEN,0.2380952381
PloS Med,2015,0.2402205082,153,25,13.585,1,GEN,0.1633986928
Prev Med,2011,0.2425595294,293,55,3.216,0,GEN,0.1877133106
Prev Med,2012,0.2395775139,328,71,3.496,0,GEN,0.2164634146
Prev Med,2013,0.2511733061,351,85,2.932,0,GEN,0.2421652422
Prev Med,2014,0.1156364426,412,74,3.086,0,GEN,0.1796116505
Prev Med,2015,0.2089511393,358,64,2.893,0,GEN,0.1787709497
Prostate Cancer Prostatic Dis,2011,0.3893560475,81,29,2.421,0,ONC,0.3580246914
Prostate Cancer Prostatic Dis,2012,0.2914967796,78,25,4.811,0,ONC,0.3205128205
Prostate Cancer Prostatic Dis,2013,0.1001638292,75,39,2.83,0,ONC,0.52
Prostate Cancer Prostatic Dis,2014,0.0994076287,67,38,3.425,0,ONC,0.5671641791
Prostate Cancer Prostatic Dis,2015,0.3741570498,74,38,3.803,0,ONC,0.5135135135
Psychooncology,2011,0.1369597279,346,85,3.339,0,ONC,0.2456647399
Psychooncology,2012,0.292070125,347,90,3.506,0,ONC,0.2593659942
Psychooncology,2013,0.3366258283,438,118,4.044,0,ONC,0.2694063927
Psychooncology,2014,0.2207870735,322,79,2.443,0,ONC,0.2453416149
Psychooncology,2015,0.2646373649,417,106,3.256,0,ONC,0.2541966427
Radiat Oncol,2011,0.4271244869,181,66,2.321,1,ONC,0.364640884
Radiat Oncol,2012,0.209087169,226,84,2.107,1,ONC,0.3716814159
Radiat Oncol,2013,0.3692976551,296,116,2.36,1,ONC,0.3918918919
Radiat Oncol,2014,0.3448598758,300,117,2.546,1,ONC,0.39
Radiat Oncol,2015,0.3375153528,266,116,2.466,1,ONC,0.4360902256
Radiol Oncol,2011,0.2974710644,49,12,0.912,1,ONC,0.2448979592
Radiol Oncol,2012,0.3300777719,48,12,1.602,1,ONC,0.25
Radiol Oncol,2013,0.2154715431,54,9,1.667,1,ONC,0.1666666667
Radiol Oncol,2014,0.4308533641,56,17,1.912,1,ONC,0.3035714286
Radiol Oncol,2015,0.2692376251,58,19,1.736,1,ONC,0.3275862069
Radiother Oncol,2011,0.1366920493,393,109,5.58,0,ONC,0.2773536896
Radiother Oncol,2012,0.2974072726,301,78,4.52,0,ONC,0.2591362126
Radiother Oncol,2013,0.2251672876,368,119,4.857,0,ONC,0.3233695652
Radiother Oncol,2014,0.1892994182,344,114,4.363,0,ONC,0.3313953488
Radiother Oncol,2015,0.2178681097,381,138,4.817,0,ONC,0.3622047244
Target Oncol,2011,0.5853636677,29,2,3.614,0,ONC,0.0689655172
Target Oncol,2012,0.8507717277,46,4,2.764,0,ONC,0.0869565217
Target Oncol,2013,0.4195277209,65,17,3.458,0,ONC,0.2615384615
Target Oncol,2014,0.2782934529,77,23,4,0,ONC,0.2987012987
Target Oncol,2015,0.3306061143,56,15,3.197,0,ONC,0.2678571429
Transl Oncol,2011,0.1718442422,44,10,3.393,1,ONC,0.2272727273
Transl Oncol,2012,0.1392977224,61,16,2.943,1,ONC,0.262295082
Transl Oncol,2013,0.6119907941,89,25,2.558,1,ONC,0.2808988764
Transl Oncol,2014,0.2345452732,98,32,2.884,1,ONC,0.3265306122
Transl Oncol,2015,0.2042840951,61,25,3.077,1,ONC,0.4098360656
Trials,2011,0.126769677,266,16,2.496,1,GEN,0.0601503759
Trials,2012,0.300009385,245,10,2.206,1,GEN,0.0408163265
Trials,2013,0.0959524511,448,17,2.117,1,GEN,0.0379464286
Trials,2014,0.2808842446,511,16,1.731,1,GEN,0.0313111546
Trials,2015,0.5638817271,601,20,1.859,1,GEN,0.0332778702
World J Surg Oncol,2011,0.0981455235,173,29,1.12,1,ONC,0.1676300578
World J Surg Oncol,2012,0.2951704319,279,76,1.092,1,ONC,0.2724014337
World J Surg Oncol,2013,0.1701133813,312,85,1.2,1,ONC,0.2724358974
World J Surg Oncol,2014,0.3739379662,406,123,1.408,1,ONC,0.302955665
World J Surg Oncol,2015,0.2614096125,336,116,1.286,1,ONC,0.3452380952
